{
  "map50": 0.8283329993439709,
  "map50_95": 0.5566665018826228,
  "precision": 0.8875614003257238,
  "recall": 0.8175559380378657
}